segment,segment_name,customers,avg_total_revenue,avg_months_active,churn_rate
0,Champions,1690,302.51310650887575,10.166863905325444,0.24911242603550296
1,At-Risk Loyalists,2282,1263.643777388256,15.556091148115687,0.4802804557405784
2,Price-Sensitive,1154,1812.1991334488735,53.49306759098787,0.05025996533795494
3,New & Unstable,1906,5545.084679958028,59.5897166841553,0.15424973767051417
